{"frames": {

"symbol-frame-1":
{
	"frame": {"x":0,"y":0,"w":224,"h":224},
	"rotated": false,
	"trimmed": false,
	"spriteSourceSize": {"x":0,"y":0,"w":224,"h":224},
	"sourceSize": {"w":224,"h":224}
},
"symbol-frame-2":
{
	"frame": {"x":224,"y":0,"w":224,"h":224},
	"rotated": false,
	"trimmed": false,
	"spriteSourceSize": {"x":0,"y":0,"w":224,"h":224},
	"sourceSize": {"w":224,"h":224}
},
"symbol-frame-3":
{
	"frame": {"x":448,"y":0,"w":224,"h":224},
	"rotated": false,
	"trimmed": false,
	"spriteSourceSize": {"x":0,"y":0,"w":224,"h":224},
	"sourceSize": {"w":224,"h":224}
},
"symbol-frame-4":
{
	"frame": {"x":672,"y":0,"w":224,"h":224},
	"rotated": false,
	"trimmed": false,
	"spriteSourceSize": {"x":0,"y":0,"w":224,"h":224},
	"sourceSize": {"w":224,"h":224}
},
"symbol-frame-5":
{
	"frame": {"x":0,"y":224,"w":224,"h":224},
	"rotated": false,
	"trimmed": false,
	"spriteSourceSize": {"x":0,"y":0,"w":224,"h":224},
	"sourceSize": {"w":224,"h":224}
},
"symbol-frame-6":
{
	"frame": {"x":224,"y":224,"w":224,"h":224},
	"rotated": false,
	"trimmed": false,
	"spriteSourceSize": {"x":0,"y":0,"w":224,"h":224},
	"sourceSize": {"w":224,"h":224}
},
"symbol-frame-7":
{
	"frame": {"x":448,"y":224,"w":224,"h":224},
	"rotated": false,
	"trimmed": false,
	"spriteSourceSize": {"x":0,"y":0,"w":224,"h":224},
	"sourceSize": {"w":224,"h":224}
},
"symbol-frame-8":
{
	"frame": {"x":672,"y":224,"w":224,"h":224},
	"rotated": false,
	"trimmed": false,
	"spriteSourceSize": {"x":0,"y":0,"w":224,"h":224},
	"sourceSize": {"w":224,"h":224}
},
"symbol-frame-9":
{
	"frame": {"x":0,"y":448,"w":224,"h":224},
	"rotated": false,
	"trimmed": false,
	"spriteSourceSize": {"x":0,"y":0,"w":224,"h":224},
	"sourceSize": {"w":224,"h":224}
},
"symbol-frame-10":
{
	"frame": {"x":224,"y":448,"w":224,"h":224},
	"rotated": false,
	"trimmed": false,
	"spriteSourceSize": {"x":0,"y":0,"w":224,"h":224},
	"sourceSize": {"w":224,"h":224}
},
"symbol-frame-11":
{
	"frame": {"x":448,"y":448,"w":224,"h":224},
	"rotated": false,
	"trimmed": false,
	"spriteSourceSize": {"x":0,"y":0,"w":224,"h":224},
	"sourceSize": {"w":224,"h":224}
},
"symbol-frame-12":
{
	"frame": {"x":672,"y":448,"w":224,"h":224},
	"rotated": false,
	"trimmed": false,
	"spriteSourceSize": {"x":0,"y":0,"w":224,"h":224},
	"sourceSize": {"w":224,"h":224}
},
"symbol-frame-13":
{
	"frame": {"x":0,"y":672,"w":224,"h":224},
	"rotated": false,
	"trimmed": false,
	"spriteSourceSize": {"x":0,"y":0,"w":224,"h":224},
	"sourceSize": {"w":224,"h":224}
},
"symbol-frame-14":
{
	"frame": {"x":224,"y":672,"w":224,"h":224},
	"rotated": false,
	"trimmed": false,
	"spriteSourceSize": {"x":0,"y":0,"w":224,"h":224},
	"sourceSize": {"w":224,"h":224}
},
"symbol-frame-15":
{
	"frame": {"x":448,"y":672,"w":224,"h":224},
	"rotated": false,
	"trimmed": false,
	"spriteSourceSize": {"x":0,"y":0,"w":224,"h":224},
	"sourceSize": {"w":224,"h":224}
},
"symbol-frame-16":
{
	"frame": {"x":672,"y":672,"w":224,"h":224},
	"rotated": false,
	"trimmed": false,
	"spriteSourceSize": {"x":0,"y":0,"w":224,"h":224},
	"sourceSize": {"w":224,"h":224}
},
"symbol-frame-17":
{
	"frame": {"x":0,"y":896,"w":224,"h":224},
	"rotated": false,
	"trimmed": false,
	"spriteSourceSize": {"x":0,"y":0,"w":224,"h":224},
	"sourceSize": {"w":224,"h":224}
},
"symbol-frame-18":
{
	"frame": {"x":224,"y":896,"w":224,"h":224},
	"rotated": false,
	"trimmed": false,
	"spriteSourceSize": {"x":0,"y":0,"w":224,"h":224},
	"sourceSize": {"w":224,"h":224}
},
"symbol-frame-19":
{
	"frame": {"x":448,"y":896,"w":224,"h":224},
	"rotated": false,
	"trimmed": false,
	"spriteSourceSize": {"x":0,"y":0,"w":224,"h":224},
	"sourceSize": {"w":224,"h":224}
},
"symbol-frame-20":
{
	"frame": {"x":672,"y":896,"w":224,"h":224},
	"rotated": false,
	"trimmed": false,
	"spriteSourceSize": {"x":0,"y":0,"w":224,"h":224},
	"sourceSize": {"w":224,"h":224}
},
"symbol-frame-back":
{
	"frame": {"x":0,"y":1120,"w":197,"h":198},
	"rotated": false,
	"trimmed": false,
	"spriteSourceSize": {"x":0,"y":0,"w":197,"h":198},
	"sourceSize": {"w":197,"h":198}
}},
"meta": {
	"app": "https://www.codeandweb.com/texturepacker",
	"version": "1.1",
	"image": "symbol-frames-spritesheet.png",
	"format": "RGBA8888",
	"size": {"w":896,"h":1318},
	"scale": "1",
	"smartupdate": "$TexturePacker:SmartUpdate:252c37d5e1893482eb6e639975bb06af:85b90f3575139a8b333a383dccf939c6:de7affef920c5c9518006f1ab05249c4$"
}
}
