{"frames": {

"symbol-1-blurred":
{
	"frame": {"x":0,"y":0,"w":223,"h":223},
	"rotated": false,
	"trimmed": false,
	"spriteSourceSize": {"x":0,"y":0,"w":223,"h":223},
	"sourceSize": {"w":223,"h":223}
},
"symbol-1":
{
	"frame": {"x":223,"y":0,"w":223,"h":223},
	"rotated": false,
	"trimmed": false,
	"spriteSourceSize": {"x":0,"y":0,"w":223,"h":223},
	"sourceSize": {"w":223,"h":223}
},
"symbol-2-blurred":
{
	"frame": {"x":446,"y":0,"w":223,"h":223},
	"rotated": false,
	"trimmed": false,
	"spriteSourceSize": {"x":0,"y":0,"w":223,"h":223},
	"sourceSize": {"w":223,"h":223}
},
"symbol-2":
{
	"frame": {"x":669,"y":0,"w":223,"h":223},
	"rotated": false,
	"trimmed": false,
	"spriteSourceSize": {"x":0,"y":0,"w":223,"h":223},
	"sourceSize": {"w":223,"h":223}
},
"symbol-3-blurred":
{
	"frame": {"x":0,"y":223,"w":223,"h":223},
	"rotated": false,
	"trimmed": false,
	"spriteSourceSize": {"x":0,"y":0,"w":223,"h":223},
	"sourceSize": {"w":223,"h":223}
},
"symbol-3":
{
	"frame": {"x":223,"y":223,"w":223,"h":223},
	"rotated": false,
	"trimmed": false,
	"spriteSourceSize": {"x":0,"y":0,"w":223,"h":223},
	"sourceSize": {"w":223,"h":223}
},
"symbol-4-blurred":
{
	"frame": {"x":446,"y":223,"w":223,"h":223},
	"rotated": false,
	"trimmed": false,
	"spriteSourceSize": {"x":0,"y":0,"w":223,"h":223},
	"sourceSize": {"w":223,"h":223}
},
"symbol-4":
{
	"frame": {"x":669,"y":223,"w":223,"h":223},
	"rotated": false,
	"trimmed": false,
	"spriteSourceSize": {"x":0,"y":0,"w":223,"h":223},
	"sourceSize": {"w":223,"h":223}
},
"symbol-5-blurred":
{
	"frame": {"x":0,"y":446,"w":223,"h":223},
	"rotated": false,
	"trimmed": false,
	"spriteSourceSize": {"x":0,"y":0,"w":223,"h":223},
	"sourceSize": {"w":223,"h":223}
},
"symbol-5":
{
	"frame": {"x":223,"y":446,"w":223,"h":223},
	"rotated": false,
	"trimmed": false,
	"spriteSourceSize": {"x":0,"y":0,"w":223,"h":223},
	"sourceSize": {"w":223,"h":223}
},
"symbol-6-blurred":
{
	"frame": {"x":446,"y":446,"w":223,"h":223},
	"rotated": false,
	"trimmed": false,
	"spriteSourceSize": {"x":0,"y":0,"w":223,"h":223},
	"sourceSize": {"w":223,"h":223}
},
"symbol-6":
{
	"frame": {"x":669,"y":446,"w":223,"h":223},
	"rotated": false,
	"trimmed": false,
	"spriteSourceSize": {"x":0,"y":0,"w":223,"h":223},
	"sourceSize": {"w":223,"h":223}
},
"symbol-7-blurred":
{
	"frame": {"x":0,"y":669,"w":223,"h":223},
	"rotated": false,
	"trimmed": false,
	"spriteSourceSize": {"x":0,"y":0,"w":223,"h":223},
	"sourceSize": {"w":223,"h":223}
},
"symbol-7":
{
	"frame": {"x":223,"y":669,"w":223,"h":223},
	"rotated": false,
	"trimmed": false,
	"spriteSourceSize": {"x":0,"y":0,"w":223,"h":223},
	"sourceSize": {"w":223,"h":223}
},
"symbol-8-blurred":
{
	"frame": {"x":446,"y":669,"w":223,"h":223},
	"rotated": false,
	"trimmed": false,
	"spriteSourceSize": {"x":0,"y":0,"w":223,"h":223},
	"sourceSize": {"w":223,"h":223}
},
"symbol-8":
{
	"frame": {"x":669,"y":669,"w":223,"h":223},
	"rotated": false,
	"trimmed": false,
	"spriteSourceSize": {"x":0,"y":0,"w":223,"h":223},
	"sourceSize": {"w":223,"h":223}
},
"symbol-9-blurred":
{
	"frame": {"x":0,"y":892,"w":223,"h":223},
	"rotated": false,
	"trimmed": false,
	"spriteSourceSize": {"x":0,"y":0,"w":223,"h":223},
	"sourceSize": {"w":223,"h":223}
},
"symbol-9":
{
	"frame": {"x":223,"y":892,"w":223,"h":223},
	"rotated": false,
	"trimmed": false,
	"spriteSourceSize": {"x":0,"y":0,"w":223,"h":223},
	"sourceSize": {"w":223,"h":223}
},
"symbol-10-blurred":
{
	"frame": {"x":446,"y":892,"w":223,"h":223},
	"rotated": false,
	"trimmed": false,
	"spriteSourceSize": {"x":0,"y":0,"w":223,"h":223},
	"sourceSize": {"w":223,"h":223}
},
"symbol-10":
{
	"frame": {"x":669,"y":892,"w":223,"h":223},
	"rotated": false,
	"trimmed": false,
	"spriteSourceSize": {"x":0,"y":0,"w":223,"h":223},
	"sourceSize": {"w":223,"h":223}
},
"symbol-11-blurred":
{
	"frame": {"x":0,"y":1115,"w":223,"h":223},
	"rotated": false,
	"trimmed": false,
	"spriteSourceSize": {"x":0,"y":0,"w":223,"h":223},
	"sourceSize": {"w":223,"h":223}
},
"symbol-11":
{
	"frame": {"x":223,"y":1115,"w":223,"h":223},
	"rotated": false,
	"trimmed": false,
	"spriteSourceSize": {"x":0,"y":0,"w":223,"h":223},
	"sourceSize": {"w":223,"h":223}
},
"symbol-12-blurred":
{
	"frame": {"x":446,"y":1115,"w":223,"h":223},
	"rotated": false,
	"trimmed": false,
	"spriteSourceSize": {"x":0,"y":0,"w":223,"h":223},
	"sourceSize": {"w":223,"h":223}
},
"symbol-12":
{
	"frame": {"x":669,"y":1115,"w":223,"h":223},
	"rotated": false,
	"trimmed": false,
	"spriteSourceSize": {"x":0,"y":0,"w":223,"h":223},
	"sourceSize": {"w":223,"h":223}
}},
"meta": {
	"app": "https://www.codeandweb.com/texturepacker",
	"version": "1.1",
	"image": "symbols-spritesheet.png",
	"format": "RGBA8888",
	"size": {"w":892,"h":1338},
	"scale": "1",
	"smartupdate": "$TexturePacker:SmartUpdate:c27f8b42e3655412b62a64154d27fd7f:10ab33a6ccfa85c87a47e257640c7d16:dc740102a9f53641043adb45f16d11f0$"
}
}
