{"frames": {

"Loading_00.png":
{
	"frame": {"x":0,"y":0,"w":250,"h":50},
	"rotated": false,
	"trimmed": false,
	"spriteSourceSize": {"x":0,"y":0,"w":250,"h":50},
	"sourceSize": {"w":250,"h":50}
},
"Loading_01.png":
{
	"frame": {"x":0,"y":50,"w":250,"h":50},
	"rotated": false,
	"trimmed": false,
	"spriteSourceSize": {"x":0,"y":0,"w":250,"h":50},
	"sourceSize": {"w":250,"h":50}
},
"Loading_02.png":
{
	"frame": {"x":0,"y":100,"w":250,"h":50},
	"rotated": false,
	"trimmed": false,
	"spriteSourceSize": {"x":0,"y":0,"w":250,"h":50},
	"sourceSize": {"w":250,"h":50}
},
"Loading_03.png":
{
	"frame": {"x":0,"y":150,"w":250,"h":50},
	"rotated": false,
	"trimmed": false,
	"spriteSourceSize": {"x":0,"y":0,"w":250,"h":50},
	"sourceSize": {"w":250,"h":50}
},
"Loading_04.png":
{
	"frame": {"x":0,"y":200,"w":250,"h":50},
	"rotated": false,
	"trimmed": false,
	"spriteSourceSize": {"x":0,"y":0,"w":250,"h":50},
	"sourceSize": {"w":250,"h":50}
},
"Loading_05.png":
{
	"frame": {"x":0,"y":250,"w":250,"h":50},
	"rotated": false,
	"trimmed": false,
	"spriteSourceSize": {"x":0,"y":0,"w":250,"h":50},
	"sourceSize": {"w":250,"h":50}
},
"Loading_06.png":
{
	"frame": {"x":0,"y":300,"w":250,"h":50},
	"rotated": false,
	"trimmed": false,
	"spriteSourceSize": {"x":0,"y":0,"w":250,"h":50},
	"sourceSize": {"w":250,"h":50}
},
"Loading_07.png":
{
	"frame": {"x":0,"y":350,"w":250,"h":50},
	"rotated": false,
	"trimmed": false,
	"spriteSourceSize": {"x":0,"y":0,"w":250,"h":50},
	"sourceSize": {"w":250,"h":50}
},
"Loading_08.png":
{
	"frame": {"x":0,"y":400,"w":250,"h":50},
	"rotated": false,
	"trimmed": false,
	"spriteSourceSize": {"x":0,"y":0,"w":250,"h":50},
	"sourceSize": {"w":250,"h":50}
},
"Loading_09.png":
{
	"frame": {"x":0,"y":450,"w":250,"h":50},
	"rotated": false,
	"trimmed": false,
	"spriteSourceSize": {"x":0,"y":0,"w":250,"h":50},
	"sourceSize": {"w":250,"h":50}
},
"Loading_10.png":
{
	"frame": {"x":0,"y":500,"w":250,"h":50},
	"rotated": false,
	"trimmed": false,
	"spriteSourceSize": {"x":0,"y":0,"w":250,"h":50},
	"sourceSize": {"w":250,"h":50}
},
"Loading_11.png":
{
	"frame": {"x":0,"y":550,"w":250,"h":50},
	"rotated": false,
	"trimmed": false,
	"spriteSourceSize": {"x":0,"y":0,"w":250,"h":50},
	"sourceSize": {"w":250,"h":50}
},
"Loading_12.png":
{
	"frame": {"x":0,"y":600,"w":250,"h":50},
	"rotated": false,
	"trimmed": false,
	"spriteSourceSize": {"x":0,"y":0,"w":250,"h":50},
	"sourceSize": {"w":250,"h":50}
},
"Loading_13.png":
{
	"frame": {"x":0,"y":650,"w":250,"h":50},
	"rotated": false,
	"trimmed": false,
	"spriteSourceSize": {"x":0,"y":0,"w":250,"h":50},
	"sourceSize": {"w":250,"h":50}
},
"Loading_14.png":
{
	"frame": {"x":0,"y":700,"w":250,"h":50},
	"rotated": false,
	"trimmed": false,
	"spriteSourceSize": {"x":0,"y":0,"w":250,"h":50},
	"sourceSize": {"w":250,"h":50}
},
"Loading_15.png":
{
	"frame": {"x":0,"y":750,"w":250,"h":50},
	"rotated": false,
	"trimmed": false,
	"spriteSourceSize": {"x":0,"y":0,"w":250,"h":50},
	"sourceSize": {"w":250,"h":50}
},
"Loading_16.png":
{
	"frame": {"x":0,"y":800,"w":250,"h":50},
	"rotated": false,
	"trimmed": false,
	"spriteSourceSize": {"x":0,"y":0,"w":250,"h":50},
	"sourceSize": {"w":250,"h":50}
},
"Loading_17.png":
{
	"frame": {"x":0,"y":850,"w":250,"h":50},
	"rotated": false,
	"trimmed": false,
	"spriteSourceSize": {"x":0,"y":0,"w":250,"h":50},
	"sourceSize": {"w":250,"h":50}
},
"Loading_18.png":
{
	"frame": {"x":0,"y":900,"w":250,"h":50},
	"rotated": false,
	"trimmed": false,
	"spriteSourceSize": {"x":0,"y":0,"w":250,"h":50},
	"sourceSize": {"w":250,"h":50}
},
"Loading_19.png":
{
	"frame": {"x":0,"y":950,"w":250,"h":50},
	"rotated": false,
	"trimmed": false,
	"spriteSourceSize": {"x":0,"y":0,"w":250,"h":50},
	"sourceSize": {"w":250,"h":50}
},
"Loading_20.png":
{
	"frame": {"x":0,"y":1000,"w":250,"h":50},
	"rotated": false,
	"trimmed": false,
	"spriteSourceSize": {"x":0,"y":0,"w":250,"h":50},
	"sourceSize": {"w":250,"h":50}
},
"Loading_21.png":
{
	"frame": {"x":0,"y":1050,"w":250,"h":50},
	"rotated": false,
	"trimmed": false,
	"spriteSourceSize": {"x":0,"y":0,"w":250,"h":50},
	"sourceSize": {"w":250,"h":50}
},
"Loading_22.png":
{
	"frame": {"x":0,"y":1100,"w":250,"h":50},
	"rotated": false,
	"trimmed": false,
	"spriteSourceSize": {"x":0,"y":0,"w":250,"h":50},
	"sourceSize": {"w":250,"h":50}
}},
"animations": {
	"Loading": ["Loading_00.png","Loading_01.png","Loading_02.png","Loading_03.png","Loading_04.png","Loading_05.png","Loading_06.png","Loading_07.png","Loading_08.png","Loading_09.png","Loading_10.png","Loading_11.png","Loading_12.png","Loading_13.png","Loading_14.png","Loading_15.png","Loading_16.png","Loading_17.png","Loading_18.png","Loading_19.png","Loading_20.png","Loading_21.png","Loading_22.png"]
},
"meta": {
	"app": "https://www.codeandweb.com/texturepacker",
	"version": "1.1",
	"image": "loading-text-spritesheet.png",
	"format": "RGBA8888",
	"size": {"w":250,"h":1150},
	"scale": "1",
	"smartupdate": "$TexturePacker:SmartUpdate:8ae9301a2d64d40c4957e6ecf2716d12:c5d24c2417c7f63bee184c0b5e0e77a0:3b9bbd8eb4f59f04612b0ceda3027290$"
}
}
