{"frames": {

"background":
{
	"frame": {"x":0,"y":0,"w":1280,"h":800},
	"rotated": false,
	"trimmed": false,
	"spriteSourceSize": {"x":0,"y":0,"w":1280,"h":800},
	"sourceSize": {"w":1280,"h":800}
},
"frame":
{
	"frame": {"x":1280,"y":0,"w":170,"h":167},
	"rotated": false,
	"trimmed": false,
	"spriteSourceSize": {"x":0,"y":0,"w":170,"h":167},
	"sourceSize": {"w":170,"h":167}
},
"symbol-1":
{
	"frame": {"x":1450,"y":0,"w":144,"h":144},
	"rotated": false,
	"trimmed": false,
	"spriteSourceSize": {"x":0,"y":0,"w":144,"h":144},
	"sourceSize": {"w":144,"h":144}
},
"symbol-1-blurred":
{
	"frame": {"x":0,"y":800,"w":144,"h":144},
	"rotated": false,
	"trimmed": false,
	"spriteSourceSize": {"x":0,"y":0,"w":144,"h":144},
	"sourceSize": {"w":144,"h":144}
},
"symbol-2":
{
	"frame": {"x":144,"y":800,"w":144,"h":144},
	"rotated": false,
	"trimmed": false,
	"spriteSourceSize": {"x":0,"y":0,"w":144,"h":144},
	"sourceSize": {"w":144,"h":144}
},
"symbol-2-blurred":
{
	"frame": {"x":288,"y":800,"w":144,"h":144},
	"rotated": false,
	"trimmed": false,
	"spriteSourceSize": {"x":0,"y":0,"w":144,"h":144},
	"sourceSize": {"w":144,"h":144}
},
"symbol-3":
{
	"frame": {"x":432,"y":800,"w":144,"h":144},
	"rotated": false,
	"trimmed": false,
	"spriteSourceSize": {"x":0,"y":0,"w":144,"h":144},
	"sourceSize": {"w":144,"h":144}
},
"symbol-3-blurred":
{
	"frame": {"x":576,"y":800,"w":144,"h":144},
	"rotated": false,
	"trimmed": false,
	"spriteSourceSize": {"x":0,"y":0,"w":144,"h":144},
	"sourceSize": {"w":144,"h":144}
},
"symbol-4":
{
	"frame": {"x":720,"y":800,"w":144,"h":144},
	"rotated": false,
	"trimmed": false,
	"spriteSourceSize": {"x":0,"y":0,"w":144,"h":144},
	"sourceSize": {"w":144,"h":144}
},
"symbol-4-blurred":
{
	"frame": {"x":864,"y":800,"w":144,"h":144},
	"rotated": false,
	"trimmed": false,
	"spriteSourceSize": {"x":0,"y":0,"w":144,"h":144},
	"sourceSize": {"w":144,"h":144}
},
"symbol-5":
{
	"frame": {"x":1008,"y":800,"w":144,"h":144},
	"rotated": false,
	"trimmed": false,
	"spriteSourceSize": {"x":0,"y":0,"w":144,"h":144},
	"sourceSize": {"w":144,"h":144}
},
"symbol-5-blurred":
{
	"frame": {"x":1152,"y":800,"w":144,"h":144},
	"rotated": false,
	"trimmed": false,
	"spriteSourceSize": {"x":0,"y":0,"w":144,"h":144},
	"sourceSize": {"w":144,"h":144}
},
"symbol-6":
{
	"frame": {"x":1296,"y":800,"w":144,"h":144},
	"rotated": false,
	"trimmed": false,
	"spriteSourceSize": {"x":0,"y":0,"w":144,"h":144},
	"sourceSize": {"w":144,"h":144}
},
"symbol-6-blurred":
{
	"frame": {"x":1440,"y":800,"w":144,"h":144},
	"rotated": false,
	"trimmed": false,
	"spriteSourceSize": {"x":0,"y":0,"w":144,"h":144},
	"sourceSize": {"w":144,"h":144}
},
"symbol-7":
{
	"frame": {"x":1584,"y":800,"w":144,"h":144},
	"rotated": false,
	"trimmed": false,
	"spriteSourceSize": {"x":0,"y":0,"w":144,"h":144},
	"sourceSize": {"w":144,"h":144}
},
"symbol-7-blurred":
{
	"frame": {"x":0,"y":944,"w":144,"h":144},
	"rotated": false,
	"trimmed": false,
	"spriteSourceSize": {"x":0,"y":0,"w":144,"h":144},
	"sourceSize": {"w":144,"h":144}
},
"symbol-8":
{
	"frame": {"x":144,"y":944,"w":144,"h":144},
	"rotated": false,
	"trimmed": false,
	"spriteSourceSize": {"x":0,"y":0,"w":144,"h":144},
	"sourceSize": {"w":144,"h":144}
},
"symbol-8-blurred":
{
	"frame": {"x":288,"y":944,"w":144,"h":144},
	"rotated": false,
	"trimmed": false,
	"spriteSourceSize": {"x":0,"y":0,"w":144,"h":144},
	"sourceSize": {"w":144,"h":144}
},
"screen":
{
	"frame": {"x":432,"y":944,"w":1280,"h":800},
	"rotated": false,
	"trimmed": false,
	"spriteSourceSize": {"x":0,"y":0,"w":1280,"h":800},
	"sourceSize": {"w":1280,"h":800}
}},
"meta": {
	"app": "https://www.codeandweb.com/texturepacker",
	"version": "1.1",
	"image": "main-game-spritesheet.png",
	"format": "RGBA8888",
	"size": {"w":1728,"h":1744},
	"scale": "1",
	"smartupdate": "$TexturePacker:SmartUpdate:36410b38c166e7ff8e06a62ed88681c4:1eff56f691215e899a41d6ea9ef30874:d6e4cd1e84fb1deb6623b64734a6be8c$"
}
}
