{
"resources" : [{"type":"GameObject","id":"GAME","data" : {"root" : [{"name":"ClientRoot","activeSelf":true,"layer":0,"components" : [{"componentType":"Transform","enabled":true,"serializableData" : {"parent" : {"fileID":0},"children" : [{"fileID":1}],"psr":"d"},"fileID":2}],"fileID":3},{"name":"UI Root","activeSelf":true,"layer":0,"components" : [{"componentType":"Transform","enabled":true,"serializableData" : {"parent" : {"fileID":2},"children" : [{"fileID":4},{"fileID":5}],"s":"0.002002002"},"fileID":1},{"componentType":"UIRoot","enabled":true,"serializableData" : {"scalingStyle":1,"manualWidth":666,"manualHeight":999,"minimumHeight":320,"maximumHeight":1536,"fitWidth":true,"fitHeight":true,"adjustByDPI":false,"shrinkPortraitUI":false},"fileID":6},{"componentType":"UIPanel","enabled":true,"serializableData" : {"depth":0,"alpha":1},"fileID":7}],"fileID":8},{"name":"Cameras","activeSelf":true,"layer":0,"components" : [{"componentType":"Transform","enabled":true,"serializableData" : {"parent" : {"fileID":1},"children" : [{"fileID":9},{"fileID":10}],"p":",,-1"},"fileID":4}],"fileID":11},{"name":"_CameraClearListener","activeSelf":true,"layer":0,"components" : [{"componentType":"Transform","enabled":true,"serializableData" : {"parent" : {"fileID":4},"children" : [],"psr":"d"},"fileID":9},{"componentType":"Camera","enabled":true,"serializableData" : {"cullingMask":0,"depth":0,"orthographicSize":1},"fileID":12}],"fileID":13},{"name":"CameraClient","activeSelf":true,"layer":0,"components" : [{"componentType":"Transform","enabled":true,"serializableData" : {"parent" : {"fileID":4},"children" : [],"psr":"d"},"fileID":10},{"componentType":"Camera","enabled":true,"serializableData" : {"cullingMask":1073741824,"depth":69,"orthographicSize":1},"fileID":14}],"fileID":15},{"name":"LoaderParent","activeSelf":true,"layer":0,"components" : [{"componentType":"Transform","enabled":true,"serializableData" : {"parent" : {"fileID":1},"children" : [{"fileID":16},{"fileID":17}],"s":"1.5,1.5,"},"fileID":5},{"componentType":"LoaderScaler","enabled":true,"serializableData" : {"background" : {"fileID":18}},"fileID":19}],"fileID":20},{"name":"Fullscreen","activeSelf":true,"layer":0,"components" : [{"componentType":"Transform","enabled":true,"serializableData" : {"parent" : {"fileID":5},"children" : [{"fileID":21},{"fileID":22}],"psr":"d"},"fileID":16},{"componentType":"FullscreenVisual","enabled":true,"serializableData" : {"catShow" : {"nestedFieldType":"CATLink","serializableData" : {"id":0,"cat" : {"fileID":23}}},"catHide" : {"nestedFieldType":"CATLink","serializableData" : {"id":1,"cat" : {"fileID":23}}}},"fileID":24}],"fileID":25},{"name":"CAT","activeSelf":true,"layer":0,"components" : [{"componentType":"Transform","enabled":true,"serializableData" : {"parent" : {"fileID":16},"children" : [],"psr":"d"},"fileID":21},{"componentType":"CAT_Container","enabled":true,"serializableData" : {"events" : [{"nestedFieldType":"CAT_Event","serializableData" : {"id":0,"userFriendlyName":"Show","playAutomatically":false,"timeScaleID":null,"actions" : [{"nestedFieldType":"CAT_Action_SendMessage","serializableData" : {"data" : {"nestedFieldType":"MessageData","serializableData" : {"eventReceiver" : {"fileID":26},"useParam":false,"paramType":5,"paramString":"0","methodToCall":"Scale"}},"delay":0,"isExpanded":true,"isEnabled":true,"debugBreak":false}},{"nestedFieldType":"CAT_Action_StartAnim","serializableData" : {"target" : {"fileID":26},"animClipName":"fullscreen","mode":2,"speed":1,"delay":0,"isExpanded":true,"isEnabled":true,"debugBreak":false}},{"nestedFieldType":"CAT_Action_ObjActivate","serializableData" : {"ToEnableList" : [{"fileID":27}],"ToDisableList" : [],"delay":0,"isExpanded":true,"isEnabled":true,"debugBreak":false}}]}},{"nestedFieldType":"CAT_Event","serializableData" : {"id":1,"userFriendlyName":"Hide","playAutomatically":false,"timeScaleID":null,"actions" : [{"nestedFieldType":"CAT_Action_ObjActivate","serializableData" : {"ToEnableList" : [],"ToDisableList" : [{"fileID":27}],"delay":0,"isExpanded":true,"isEnabled":true,"debugBreak":false}},{"nestedFieldType":"CAT_Action_SendMessage","serializableData" : {"data" : {"nestedFieldType":"MessageData","serializableData" : {"eventReceiver" : {"fileID":26},"useParam":false,"paramType":5,"paramString":"0","methodToCall":"Scale"}},"delay":0,"isExpanded":true,"isEnabled":true,"debugBreak":false}}]}}]},"fileID":23}],"fileID":28},{"name":"Content","activeSelf":false,"layer":30,"components" : [{"componentType":"Transform","enabled":true,"serializableData" : {"parent" : {"fileID":16},"children" : [{"fileID":29},{"fileID":30}],"s":"1.23,1.23,"},"fileID":22},{"componentType":"UIPanel","enabled":true,"serializableData" : {"depth":0,"alpha":1},"fileID":31}],"fileID":27},{"name":"Background","activeSelf":true,"layer":30,"components" : [{"componentType":"Transform","enabled":true,"serializableData" : {"parent" : {"fileID":22},"children" : [{"fileID":32}],"psr":"d"},"fileID":29}],"fileID":33},{"name":"Overlay","activeSelf":true,"layer":30,"components" : [{"componentType":"Transform","enabled":true,"serializableData" : {"parent" : {"fileID":29},"children" : [],"psr":"d"},"fileID":32},{"componentType":"UISprite","enabled":true,"serializableData" : {"spriteName":"common_square","depth":-1,"width":3000,"height":5000,"color" : {"nestedFieldType":"Color","serializableData" : {"c":"FFFFFF80"}},"atlas" : {"fileID":34,"guid":"a5bcb9367f3a71941b824dc29821f122"}},"fileID":35}],"fileID":36},{"name":"Icon","activeSelf":true,"layer":30,"components" : [{"componentType":"Transform","enabled":true,"serializableData" : {"parent" : {"fileID":22},"children" : [{"fileID":37},{"fileID":38}],"p":",-91,"},"fileID":30},{"componentType":"UIPanel","enabled":true,"serializableData" : {"depth":1,"alpha":0.01},"fileID":39},{"componentType":"Animation","enabled":true,"serializableData" : {"_clip" : {"fileID":0},"playAutomatically":false,"clips" : [{"fileID":7400000,"guid":"7659f9c3888179a4389b06c81e4aa8b5"}]},"fileID":40},{"componentType":"AnimatedScaledBar","enabled":true,"serializableData" : {"target" : {"fileID":40},"clip" : {"fileID":7400000,"guid":"7659f9c3888179a4389b06c81e4aa8b5"}},"fileID":41}],"fileID":26},{"name":"HandSprite","activeSelf":true,"layer":30,"components" : [{"componentType":"Transform","enabled":true,"serializableData" : {"parent" : {"fileID":30},"children" : [],"p":"55,,"},"fileID":37},{"componentType":"UISprite","enabled":true,"serializableData" : {"spriteName":"fullscreen_hand","depth":1,"width":144,"height":124,"atlas" : {"fileID":42,"guid":"8fc4cc13967cd4546a76e8a20fe3848d"}},"fileID":43}],"fileID":44},{"name":"Stroke","activeSelf":true,"layer":30,"components" : [{"componentType":"Transform","enabled":true,"serializableData" : {"parent" : {"fileID":30},"children" : [],"p":",28,","r":",,0.7071068,0.7071067"},"fileID":38},{"componentType":"UISprite","enabled":true,"serializableData" : {"spriteName":"fullscreen_stroke","spriteType":1,"width":33,"height":33,"anchorX":0,"atlas" : {"fileID":42,"guid":"8fc4cc13967cd4546a76e8a20fe3848d"}},"fileID":45},{"componentType":"SpriteSizeProxy","enabled":true,"serializableData" : {"sprite" : {"fileID":45},"width":22,"height":34,"useUpdate":true},"fileID":46}],"fileID":47},{"name":"Loader","activeSelf":true,"layer":30,"components" : [{"componentType":"Transform","enabled":true,"serializableData" : {"parent" : {"fileID":5},"children" : [{"fileID":48},{"fileID":49},{"fileID":50},{"fileID":51},{"fileID":52},{"fileID":53}],"s":"0.7,0.7,"},"fileID":17},{"componentType":"UIPanel","enabled":true,"serializableData" : {"depth":-2,"alpha":1},"fileID":54},{"componentType":"ClientLoader","enabled":true,"serializableData" : {"scaledBar" : {"fileID":55},"animatedBars" : [],"minTimeForLoader":0,"percentLabel" : {"fileID":56}},"fileID":57}],"fileID":58},{"name":"Background","activeSelf":true,"layer":30,"components" : [{"componentType":"Transform","enabled":true,"serializableData" : {"parent" : {"fileID":17},"children" : [{"fileID":59}],"psr":"d"},"fileID":48}],"fileID":18},{"name":"Sprite","activeSelf":true,"layer":30,"components" : [{"componentType":"Transform","enabled":true,"serializableData" : {"parent" : {"fileID":48},"children" : [],"psr":"d"},"fileID":59},{"componentType":"UISprite","enabled":true,"serializableData" : {"spriteName":"WhiteSquare","width":2062,"height":1094,"fillDirection":4,"color" : {"nestedFieldType":"Color","serializableData" : {"c":"k"}},"atlas" : {"fileID":60,"guid":"46a0633159dde984bb5eae5a85fd8b24"}},"fileID":61}],"fileID":62},{"name":"Logo","activeSelf":true,"layer":30,"components" : [{"componentType":"Transform","enabled":true,"serializableData" : {"parent" : {"fileID":17},"children" : [{"fileID":63}],"p":"86,-36,"},"fileID":49}],"fileID":64},{"name":"Pivot","activeSelf":true,"layer":30,"components" : [{"componentType":"Transform","enabled":true,"serializableData" : {"parent" : {"fileID":49},"children" : [{"fileID":65}],"s":"0.93,0.93,"},"fileID":63}],"fileID":66},{"name":"Sprite","activeSelf":true,"layer":30,"components" : [{"componentType":"Transform","enabled":true,"serializableData" : {"parent" : {"fileID":63},"children" : [],"p":"-86,,"},"fileID":65},{"componentType":"UISprite","enabled":true,"serializableData" : {"spriteName":"anim_33","depth":1,"width":360,"height":204,"anchorY":1,"fillDirection":4,"atlas" : {"fileID":67,"guid":"8afba7b7c392424488b6b352b83b8609"}},"fileID":68},{"componentType":"ClientLoaderAnimation","enabled":true,"serializableData" : {"framePrefix":"anim_","dt":0.075,"digits":2,"sprite" : {"fileID":68}},"fileID":69}],"fileID":70},{"name":"ProgressBar","activeSelf":true,"layer":30,"components" : [{"componentType":"Transform","enabled":true,"serializableData" : {"parent" : {"fileID":17},"children" : [{"fileID":71},{"fileID":72},{"fileID":73}],"p":",-60,"},"fileID":50},{"componentType":"UIPanel","enabled":true,"serializableData" : {"depth":1,"alpha":1},"fileID":74}],"fileID":75},{"name":"bg","activeSelf":true,"layer":30,"components" : [{"componentType":"Transform","enabled":true,"serializableData" : {"parent" : {"fileID":50},"children" : [{"fileID":76}],"p":"-156,,","s":"0.95,0.95,"},"fileID":71}],"fileID":77},{"name":"Sprite","activeSelf":true,"layer":30,"components" : [{"componentType":"Transform","enabled":true,"serializableData" : {"parent" : {"fileID":71},"children" : [],"psr":"d"},"fileID":76},{"componentType":"UISprite","enabled":true,"serializableData" : {"spriteName":"WhiteSquare","spriteType":1,"depth":2,"width":332,"height":6,"anchorX":0,"fillDirection":4,"color" : {"nestedFieldType":"Color","serializableData" : {"c":"252525"}},"atlas" : {"fileID":60,"guid":"46a0633159dde984bb5eae5a85fd8b24"}},"fileID":78}],"fileID":79},{"name":"foreground","activeSelf":true,"layer":30,"components" : [{"componentType":"Transform","enabled":true,"serializableData" : {"parent" : {"fileID":50},"children" : [{"fileID":80}],"p":"-156,,","s":"0.33,,"},"fileID":72}],"fileID":55},{"name":"Sprite","activeSelf":true,"layer":30,"components" : [{"componentType":"Transform","enabled":true,"serializableData" : {"parent" : {"fileID":72},"children" : [],"p":"-20,,"},"fileID":80},{"componentType":"UISprite","enabled":true,"serializableData" : {"spriteName":"Orangeglow","spriteType":1,"depth":3,"width":356,"height":40,"anchorX":0,"fillDirection":4,"atlas" : {"fileID":67,"guid":"8afba7b7c392424488b6b352b83b8609"}},"fileID":81}],"fileID":82},{"name":"over_black","activeSelf":false,"layer":30,"components" : [{"componentType":"Transform","enabled":true,"serializableData" : {"parent" : {"fileID":50},"children" : [{"fileID":83}],"p":"-170,,"},"fileID":73}],"fileID":84},{"name":"Sprite","activeSelf":true,"layer":30,"components" : [{"componentType":"Transform","enabled":true,"serializableData" : {"parent" : {"fileID":73},"children" : [],"psr":"d"},"fileID":83},{"componentType":"UISprite","enabled":true,"serializableData" : {"spriteName":"loading_bar_bkg","spriteType":1,"depth":4,"width":340,"height":14,"anchorX":0,"fillDirection":4,"color" : {"nestedFieldType":"Color","serializableData" : {"c":"k"}},"atlas" : {"fileID":60,"guid":"46a0633159dde984bb5eae5a85fd8b24"}},"fileID":85}],"fileID":86},{"name":"Percent","activeSelf":false,"layer":30,"components" : [{"componentType":"Transform","enabled":true,"serializableData" : {"parent" : {"fileID":17},"children" : [{"fileID":87}],"p":"147,-25.1,","s":"0.5,0.5,"},"fileID":51}],"fileID":88},{"name":"Label","activeSelf":true,"layer":30,"components" : [{"componentType":"Transform","enabled":true,"serializableData" : {"parent" : {"fileID":51},"children" : [],"psr":"d"},"fileID":87},{"componentType":"UILabel","enabled":true,"serializableData" : {"fontName" : {"fileID":12800000,"guid":"30396d48e97def74b898c2f874444503"},"depth":2,"_text":"11%","fontSize":35,"anchorX":0,"width":70,"height":36,"color" : {"nestedFieldType":"Color","serializableData" : {"c":"60B600"}},"effectStyle":4},"fileID":56}],"fileID":89},{"name":"AGCC","activeSelf":true,"layer":30,"components" : [{"componentType":"Transform","enabled":true,"serializableData" : {"parent" : {"fileID":17},"children" : [{"fileID":90},{"fileID":91}],"psr":"d"},"fileID":52},{"componentType":"UIPanel","enabled":true,"serializableData" : {"depth":102,"alpha":1},"fileID":92}],"fileID":93},{"name":"Controller","activeSelf":true,"layer":30,"components" : [{"componentType":"Transform","enabled":true,"serializableData" : {"parent" : {"fileID":52},"children" : [],"psr":"d"},"fileID":90},{"componentType":"AGCCController","enabled":true,"serializableData" : {"image" : {"fileID":94}},"fileID":95}],"fileID":96},{"name":"Image","activeSelf":false,"layer":30,"components" : [{"componentType":"Transform","enabled":true,"serializableData" : {"parent" : {"fileID":52},"children" : [{"fileID":97},{"fileID":98}],"p":",-317.7,"},"fileID":91}],"fileID":94},{"name":"Sprite_0","activeSelf":true,"layer":30,"components" : [{"componentType":"Transform","enabled":true,"serializableData" : {"parent" : {"fileID":91},"children" : [],"p":",56,"},"fileID":97},{"componentType":"UISprite","enabled":true,"serializableData" : {"spriteName":"AGCC","depth":3,"width":660,"height":69,"anchorY":0,"atlas" : {"fileID":99,"guid":"58e3d8cc00aecb24287fc25b4063ac04"}},"fileID":100}],"fileID":101},{"name":"Sprite_1","activeSelf":true,"layer":30,"components" : [{"componentType":"Transform","enabled":true,"serializableData" : {"parent" : {"fileID":91},"children" : [],"p":",56,"},"fileID":98},{"componentType":"UISprite","enabled":true,"serializableData" : {"spriteName":"WhiteSquare","spriteType":1,"depth":1,"width":2567,"height":900,"anchorY":0,"color" : {"nestedFieldType":"Color","serializableData" : {"c":"191919"}},"atlas" : {"fileID":60,"guid":"46a0633159dde984bb5eae5a85fd8b24"}},"fileID":102}],"fileID":103},{"name":"CustomContent","activeSelf":true,"layer":30,"components" : [{"componentType":"Transform","enabled":true,"serializableData" : {"parent" : {"fileID":17},"children" : [],"psr":"d"},"fileID":53}],"fileID":104}]}},{"type":"GameObject","id":"a5bcb9367f3a71941b824dc29821f122","data" : {"root" : [{"name":"common","activeSelf":true,"layer":0,"components" : [{"componentType":"Transform","enabled":true,"serializableData" : {"parent" : {"fileID":0},"children" : [],"psr":"d"},"fileID":105},{"componentType":"UIAtlas","enabled":true,"serializableData" : {"textureContent" : {"fileID":2800000,"guid":"0c5b719e782646945bd7edaa7dadc167"},"spriteList" : {"s_common_square" : {"width":32,"height":32}}},"fileID":34}],"fileID":106}]}},{"type":"AnimationClip","id":"7659f9c3888179a4389b06c81e4aa8b5","data" : {"name":"fullscreen","length":1.75,"wrapMode":2,"curves" : [{"nestedFieldType":"AnimationClipCurveData","serializableData" : {"path":"HandSprite","type":"Transform","propertyName":"m_LocalPosition.x","curve" : {"nestedFieldType":"AnimationCurve","serializableData" : {"times" : [0,0.25,1,1.75],"values" : [55],"inTangents" : [0],"outTangents":"copy"}}}},{"nestedFieldType":"AnimationClipCurveData","serializableData" : {"path":"HandSprite","type":"Transform","propertyName":"m_LocalPosition.y","curve" : {"nestedFieldType":"AnimationCurve","serializableData" : {"times" : [0,0.25,1,1.75],"values" : [0,0,182],"inTangents" : [0],"outTangents":"copy"}}}},{"nestedFieldType":"AnimationClipCurveData","serializableData" : {"path":"HandSprite","type":"Transform","propertyName":"m_LocalPosition.z","curve" : {"nestedFieldType":"AnimationCurve","serializableData" : {"times" : [0,0.25,1,1.75],"values" : [0],"inTangents" : [0],"outTangents":"copy"}}}},{"nestedFieldType":"AnimationClipCurveData","serializableData" : {"path":"","type":"UIPanel","propertyName":"mAlpha","curve" : {"nestedFieldType":"AnimationCurve","serializableData" : {"times" : [0,0.25,1.5,1.75],"values" : [0.01,1,1,0.01],"inTangents" : [0],"outTangents":"copy"}}}},{"nestedFieldType":"AnimationClipCurveData","serializableData" : {"path":"Stroke","type":"SpriteSizeProxy","propertyName":"width","curve" : {"nestedFieldType":"AnimationCurve","serializableData" : {"times" : [0,0.25,1,1.75],"values" : [33,33,215],"inTangents" : [0],"outTangents":"copy"}}}}],"events" : []}},{"type":"GameObject","id":"8fc4cc13967cd4546a76e8a20fe3848d","data" : {"root" : [{"name":"fullscreen","activeSelf":true,"layer":0,"components" : [{"componentType":"Transform","enabled":true,"serializableData" : {"parent" : {"fileID":0},"children" : [],"psr":"d"},"fileID":107},{"componentType":"UIAtlas","enabled":true,"serializableData" : {"textureContent" : {"fileID":2800000,"guid":"d302c6c320ce47549ac2b1c432828e9d"},"spriteList" : {"s_fullscreen_hand" : {"y":35,"width":143,"height":124},"s_fullscreen_stroke" : {"width":33,"height":33,"borderLeft":14,"borderRight":14}}},"fileID":42}],"fileID":108}]}},{"type":"GameObject","id":"46a0633159dde984bb5eae5a85fd8b24","data" : {"root" : [{"name":"client","activeSelf":true,"layer":0,"components" : [{"componentType":"Transform","enabled":true,"serializableData" : {"parent" : {"fileID":0},"children" : [],"psr":"d"},"fileID":109},{"componentType":"UIAtlas","enabled":true,"serializableData" : {"textureContent" : {"fileID":2800000,"guid":"c7ad2dfb5542dd349b8e0b1a4c64cf81"},"spriteList" : {"s_GLC_logo" : {"y":33,"width":137,"height":49},"s_loading_bar_bkg" : {"x":33,"y":14,"width":54,"height":18,"borderLeft":14,"borderRight":14},"s_WhiteSquare" : {"width":32,"height":32,"borderLeft":2,"borderTop":2,"borderRight":2,"borderBottom":2}}},"fileID":60}],"fileID":110}]}},{"type":"GameObject","id":"8afba7b7c392424488b6b352b83b8609","data" : {"root" : [{"name":"logo","activeSelf":true,"layer":0,"components" : [{"componentType":"Transform","enabled":true,"serializableData" : {"parent" : {"fileID":0},"children" : [],"psr":"d"},"fileID":111},{"componentType":"UIAtlas","enabled":true,"serializableData" : {"textureContent" : {"fileID":2800000,"guid":"0eedf7621e56c3144b792872483017dc"},"spriteList" : {"s_anim_32" : {"y":1,"width":244,"height":113,"paddingLeft":5,"paddingTop":16,"paddingRight":7,"paddingBottom":15},"s_anim_33" : {"y":115,"width":1209,"height":556,"paddingLeft":31,"paddingTop":82,"paddingRight":40,"paddingBottom":82},"s_Orangeglow" : {"x":245,"y":78,"width":109,"height":36,"paddingLeft":7,"paddingTop":4,"paddingRight":8,"paddingBottom":5,"borderLeft":25,"borderRight":25}}},"fileID":67}],"fileID":112}]}},{"type":"GameObject","id":"58e3d8cc00aecb24287fc25b4063ac04","data" : {"root" : [{"name":"AGCC","activeSelf":true,"layer":0,"components" : [{"componentType":"Transform","enabled":true,"serializableData" : {"parent" : {"fileID":0},"children" : [],"psr":"d"},"fileID":113},{"componentType":"UIAtlas","enabled":true,"serializableData" : {"textureContent" : {"fileID":2800000,"guid":"b1dbca43c0dd9424aa50b2983100a10f"},"spriteList" : {"s_AGCC" : {"width":1440,"height":150}}},"fileID":99}],"fileID":114}]}}]}
