{"frames": {

"coin_01.png":
{
	"frame": {"x":0,"y":0,"w":150,"h":150},
	"rotated": false,
	"trimmed": false,
	"spriteSourceSize": {"x":0,"y":0,"w":150,"h":150},
	"sourceSize": {"w":150,"h":150}
},
"coin_02.png":
{
	"frame": {"x":150,"y":0,"w":150,"h":150},
	"rotated": false,
	"trimmed": false,
	"spriteSourceSize": {"x":0,"y":0,"w":150,"h":150},
	"sourceSize": {"w":150,"h":150}
},
"coin_03.png":
{
	"frame": {"x":300,"y":0,"w":150,"h":150},
	"rotated": false,
	"trimmed": false,
	"spriteSourceSize": {"x":0,"y":0,"w":150,"h":150},
	"sourceSize": {"w":150,"h":150}
},
"coin_04.png":
{
	"frame": {"x":0,"y":150,"w":150,"h":150},
	"rotated": false,
	"trimmed": false,
	"spriteSourceSize": {"x":0,"y":0,"w":150,"h":150},
	"sourceSize": {"w":150,"h":150}
},
"coin_05.png":
{
	"frame": {"x":150,"y":150,"w":150,"h":150},
	"rotated": false,
	"trimmed": false,
	"spriteSourceSize": {"x":0,"y":0,"w":150,"h":150},
	"sourceSize": {"w":150,"h":150}
},
"coin_06.png":
{
	"frame": {"x":300,"y":150,"w":150,"h":150},
	"rotated": false,
	"trimmed": false,
	"spriteSourceSize": {"x":0,"y":0,"w":150,"h":150},
	"sourceSize": {"w":150,"h":150}
},
"coin_07.png":
{
	"frame": {"x":0,"y":300,"w":150,"h":150},
	"rotated": false,
	"trimmed": false,
	"spriteSourceSize": {"x":0,"y":0,"w":150,"h":150},
	"sourceSize": {"w":150,"h":150}
},
"coin_08.png":
{
	"frame": {"x":150,"y":300,"w":150,"h":150},
	"rotated": false,
	"trimmed": false,
	"spriteSourceSize": {"x":0,"y":0,"w":150,"h":150},
	"sourceSize": {"w":150,"h":150}
},
"coin_09.png":
{
	"frame": {"x":300,"y":300,"w":150,"h":150},
	"rotated": false,
	"trimmed": false,
	"spriteSourceSize": {"x":0,"y":0,"w":150,"h":150},
	"sourceSize": {"w":150,"h":150}
},
"coin_10.png":
{
	"frame": {"x":0,"y":450,"w":150,"h":150},
	"rotated": false,
	"trimmed": false,
	"spriteSourceSize": {"x":0,"y":0,"w":150,"h":150},
	"sourceSize": {"w":150,"h":150}
},
"coin_11.png":
{
	"frame": {"x":150,"y":450,"w":150,"h":150},
	"rotated": false,
	"trimmed": false,
	"spriteSourceSize": {"x":0,"y":0,"w":150,"h":150},
	"sourceSize": {"w":150,"h":150}
},
"coin_12.png":
{
	"frame": {"x":300,"y":450,"w":150,"h":150},
	"rotated": false,
	"trimmed": false,
	"spriteSourceSize": {"x":0,"y":0,"w":150,"h":150},
	"sourceSize": {"w":150,"h":150}
},
"coin_13.png":
{
	"frame": {"x":0,"y":600,"w":150,"h":150},
	"rotated": false,
	"trimmed": false,
	"spriteSourceSize": {"x":0,"y":0,"w":150,"h":150},
	"sourceSize": {"w":150,"h":150}
},
"coin_14.png":
{
	"frame": {"x":150,"y":600,"w":150,"h":150},
	"rotated": false,
	"trimmed": false,
	"spriteSourceSize": {"x":0,"y":0,"w":150,"h":150},
	"sourceSize": {"w":150,"h":150}
},
"coin_15.png":
{
	"frame": {"x":300,"y":600,"w":150,"h":150},
	"rotated": false,
	"trimmed": false,
	"spriteSourceSize": {"x":0,"y":0,"w":150,"h":150},
	"sourceSize": {"w":150,"h":150}
},
"coin_16.png":
{
	"frame": {"x":0,"y":750,"w":150,"h":150},
	"rotated": false,
	"trimmed": false,
	"spriteSourceSize": {"x":0,"y":0,"w":150,"h":150},
	"sourceSize": {"w":150,"h":150}
},
"coin_17.png":
{
	"frame": {"x":150,"y":750,"w":150,"h":150},
	"rotated": false,
	"trimmed": false,
	"spriteSourceSize": {"x":0,"y":0,"w":150,"h":150},
	"sourceSize": {"w":150,"h":150}
},
"coin_18.png":
{
	"frame": {"x":300,"y":750,"w":150,"h":150},
	"rotated": false,
	"trimmed": false,
	"spriteSourceSize": {"x":0,"y":0,"w":150,"h":150},
	"sourceSize": {"w":150,"h":150}
},
"coin_19.png":
{
	"frame": {"x":0,"y":900,"w":150,"h":150},
	"rotated": false,
	"trimmed": false,
	"spriteSourceSize": {"x":0,"y":0,"w":150,"h":150},
	"sourceSize": {"w":150,"h":150}
}},
"animations": {
	"coin": ["coin_01.png","coin_02.png","coin_03.png","coin_04.png","coin_05.png","coin_06.png","coin_07.png","coin_08.png","coin_09.png","coin_10.png","coin_11.png","coin_12.png","coin_13.png","coin_14.png","coin_15.png","coin_16.png","coin_17.png","coin_18.png","coin_19.png"]
},
"meta": {
	"app": "https://www.codeandweb.com/texturepacker",
	"version": "1.1",
	"image": "coin-animation-spritesheet.png",
	"format": "RGBA8888",
	"size": {"w":450,"h":1050},
	"scale": "1",
	"smartupdate": "$TexturePacker:SmartUpdate:629b9a8aaf6f9006202c6bf1ecb7f669:90f5c80ed1e37df11e56144bd8e00207:7d79f1a265fbf79522f25159761cbf66$"
}
}
